loop,iteration,qd_score,std_qd_score,max_fitness,std_max_fitness,coverage,std_coverage
1,1,0.0,0.0,-0.12,0.0,0.0,0.0
2,11,426.01474,18.184912381063146,-0.10627551,0.017165841664734068,5.65,0.2476287358123611
3,21,690.7744,26.165044113882946,-0.094325766,0.016118744726186122,9.0199995,0.35605605289063663
4,31,897.5727,37.252918831615624,-0.08070645,0.011138416889848575,11.629999,0.4971680303481308
5,41,1077.5049,50.52084892618492,-0.08046486,0.012724019413236597,13.789999,0.6480615254744262
6,51,1244.534,72.76322417962523,-0.07801658,0.010873195637356487,15.75,0.9131395056617794
7,61,1387.398,76.39980086030072,-0.06515184,0.008570660415425639,17.53,0.9471092861966878
8,71,1519.5105,81.18990196734076,-0.06517045,0.00895990173306057,19.029999,0.9949754384909005
9,81,1664.7593,81.04469919325754,-0.05937978,0.007293885669591549,20.77,0.9882828012267741
10,91,1807.8073,85.7827290022881,-0.0572075,0.00960033783428384,22.45,1.035942315768712
11,101,1907.6495,97.86127543315591,-0.05757779,0.009720957460390709,23.529999,1.1768873584163275
12,111,2008.1736,104.66094191285308,-0.054919288,0.009224507653685885,24.64,1.2542883751357348
13,121,2131.1384,112.81960461927878,-0.050641768,0.007719908755052317,26.019999,1.3273649987854883
14,131,2213.012,112.02135708053892,-0.05131272,0.005165852960793121,26.88,1.3032172089104093
15,141,2316.2507,113.3315533924353,-0.050287694,0.008725835812154753,27.91,1.3123024425796663
16,151,2427.1816,129.48478644084784,-0.05087764,0.008538664191148182,29.15,1.501660414341405
17,161,2462.597,109.42104303037142,-0.051449392,0.007242692224116923,29.47,1.2526997421570745
18,171,2568.9763,117.91868747672869,-0.043353863,0.007168488747312337,30.65,1.3365774231224465
19,181,2645.891,120.34793428482936,-0.04334422,0.00413825588538015,31.45,1.3643252204663818
20,191,2671.172,107.30232798712245,-0.042949215,0.004091599976411624,31.3,1.2189604436570702
21,201,2754.857,119.05964119955003,-0.04484556,0.005391874251301987,32.55,1.3430119239977585
22,211,2826.624,124.98482603474073,-0.042595968,0.004977217474834967,32.94,1.420177968003672
23,221,2881.9294,116.1905186080103,-0.042825688,0.005127003192016734,33.51,1.3172036295129776
24,231,2948.689,124.83719436838362,-0.036517862,0.004462776389088928,34.17,1.4066186405703578
25,241,2982.296,110.96778550516359,-0.037577692,0.004607222588411028,34.94,1.2176534810856485
26,251,3052.5874,127.5279527779476,-0.036230076,0.003998670231457173,35.38,1.4366154669917777
27,261,3110.8564,128.06727975033428,-0.036569074,0.004722383196442465,35.89,1.4176229930417485
28,271,3130.995,145.03261407959798,-0.036674175,0.004824640067514866,35.96,1.6584640084130378
29,281,3158.834,116.6244020520475,-0.035999887,0.004587447764224227,36.629997,1.2642842825892286
30,291,3197.8596,107.87797535959979,-0.034242027,0.0035733823120768604,37.0,1.1593029957701306
31,301,3240.5957,118.32442686290938,-0.03414021,0.003484291545079889,37.399998,1.300962553189228
32,311,3328.6792,121.38183446649019,-0.033261456,0.0030652655734415965,38.25,1.3254827214266653
33,321,3344.5356,124.46040014941947,-0.03287646,0.003019765891760975,38.47,1.3661094486169991
34,331,3379.571,104.06501904435322,-0.032871287,0.0030434037019388275,38.83,1.1252475798692485
35,341,3375.4297,122.28265927679847,-0.032870248,0.0029006004405561004,38.670002,1.3124733969129283
36,351,3441.221,93.87893823072348,-0.032308586,0.0044585138079843165,39.37,1.011829878981955
37,361,3491.0269,78.32638185700638,-0.033544846,0.004617012919313976,39.859997,0.8148474267018071
38,371,3503.5198,103.03987327366826,-0.03249796,0.004316267270242769,39.96,1.0823783109438232
39,381,3568.4062,105.72415256603568,-0.03280914,0.0045817567548705,40.51,1.1660250755455308
40,391,3587.598,84.23174683335503,-0.033034276,0.004380088453394841,40.78,0.889709907330158
41,401,3622.4075,112.54339288966533,-0.032490905,0.0042740735439150785,41.11,1.2047572369568895
42,411,3634.6328,87.68564686828957,-0.03221301,0.004417463675793676,41.2,0.9393955188314661
43,421,3659.6282,81.38161798588183,-0.032376558,0.004103103918795642,41.42,0.8522341574946638
44,431,3730.902,87.04465680382683,-0.031455386,0.004577526029265224,42.17,0.9120829883298116
45,441,3724.5376,81.32529339462847,-0.024682961,0.004371258169095236,42.06,0.8381749258959253
46,451,3726.7886,83.50193627758338,-0.023726232,0.005011611066604687,42.02,0.861824600253765
47,461,3820.1384,91.62150971046916,-0.02453389,0.004731078014325167,42.989998,0.9662416654241326
48,471,3836.8962,84.43003649152355,-0.025116766,0.0033191836161780277,43.019997,0.8913266337322121
49,481,3823.689,81.7906237276229,-0.025100155,0.00390756415626782,42.94,0.822007055445487
50,491,3866.643,85.35853627063658,-0.023959992,0.0025709473915228685,43.35,0.8881124572952669
51,501,3901.1074,68.50890532349787,-0.024244435,0.002842848582727993,43.53,0.7123083102150647
52,511,3910.0142,70.385490916012,-0.024050396,0.0027762686422683662,43.78,0.7248555265716348
53,521,3967.878,77.43998285959002,-0.024532484,0.003132191493994222,43.98,0.8088767619375398
54,531,3959.7139,77.74006625660667,-0.024093052,0.0028168659146963733,44.2,0.8222518854965063
55,541,3988.8425,90.3787706979111,-0.023404894,0.003157979117132626,44.46,0.9730282626933304
56,551,3971.6375,86.83759806136058,-0.024035446,0.003570886142522083,44.219997,0.9346101356188256
57,561,4020.4377,57.769515579149626,-0.023744091,0.002802278468372121,44.63,0.6232377947472707
58,571,4023.2375,74.54709414207905,-0.023310311,0.0033184372072638055,44.77,0.8519959967052897
59,581,4072.2815,78.5540454624052,-0.022643643,0.00311287306827147,44.92,0.858441844275172
60,591,4074.2886,85.90177144999045,-0.022663733,0.0025563580032437238,45.21,0.9027830933289791
61,601,4087.4106,53.36338436702093,-0.02297428,0.0019446908020110134,45.02,0.5628357742722483
62,611,4091.5034,64.97914878070968,-0.022537934,0.001727125493625753,45.37,0.7506945488027482
63,621,4125.83,41.53065181941645,-0.022772469,0.002416128932572482,45.719997,0.4962817812507711
64,631,4132.1514,53.496480830925634,-0.023104502,0.0021523761143826693,45.47,0.6006463185602655
65,641,4133.981,34.71124522223882,-0.022165168,0.001793422433961102,45.66,0.419971221872356
66,651,4144.7744,49.316639918080504,-0.022442456,0.0024420651960255606,45.8,0.563609794095169
67,661,4182.1255,43.06634857521103,-0.022232844,0.002083178087911103,46.159996,0.5055442034107808
68,671,4200.377,77.56009970510884,-0.022689661,0.0022819475890230776,46.339996,0.8648380694688207
69,681,4200.8213,43.97058682616831,-0.023522016,0.0021129491423595224,46.3,0.5175484039204828
70,691,4205.7446,51.83324655622497,-0.023172101,0.0023158209674350905,46.289997,0.5887406797577349
71,701,4202.1284,32.63996311135151,-0.02314018,0.0019665536500957197,46.14,0.3902306702484573
72,711,4250.1733,31.792237172844583,-0.021114368,0.002261584376279125,46.46,0.3365471735136093
73,721,4266.0454,47.630936997275164,-0.02021489,0.0018665720894229622,46.6,0.5116474004649685
74,731,4255.7896,37.55387134768416,-0.02198208,0.0020263588840217224,46.719997,0.4254418644207919
75,741,4300.2397,54.35176313935012,-0.019916594,0.008253267578690188,46.93,0.5708800224215251
76,751,4271.78,57.373275522410175,-0.019144643,0.00853044933070145,46.579998,0.6381539876876109
77,761,4324.6167,52.84352149849956,-0.019466937,0.008025781872291896,47.149998,0.5571222515762947
78,771,4273.425,42.79721428132433,-0.020435398,0.008326889214508615,46.809998,0.5148441612769453
79,781,4317.5576,53.86758569929041,-0.019405793,0.00810412862367929,47.0,0.5672174538936544
80,791,4356.9883,56.92847235464525,-0.019637655,0.009067017582128072,47.43,0.6103976677555706
81,801,4326.786,37.51833167172568,-0.020392029,0.008203164349326199,47.289997,0.419647699864542
82,811,4344.4966,24.199293736471056,-0.020539021,0.008008722567578919,47.399998,0.27225048025845505
83,821,4352.9917,58.27609503814052,-0.020259855,0.008056504961499402,47.3,0.639481282291075
84,831,4380.382,38.66628435603312,-0.02025617,0.008181421381381495,47.81,0.36950778070292295
85,841,4351.354,54.63833222387369,-0.019825919,0.008128466572415748,47.239998,0.611542538831634
86,851,4377.532,57.61157350364242,-0.019161036,0.008412249043003573,47.5,0.6281082709215035
87,861,4391.758,53.42417152744271,-0.019649591,0.008062957079671067,47.63,0.5835195098721564
88,871,4378.4927,50.19882390396821,-0.018958107,0.008059238580939107,47.68,0.5753254661499344
89,881,4368.87,40.51606270500623,-0.01971038,0.008678331295235424,47.54,0.4767137505883373
90,891,4398.462,28.828852023623824,-0.01766954,0.00791046617710252,47.72,0.32956941605676904
91,901,4394.037,50.36143496503657,-0.01823169,0.007282065613183638,47.78,0.5780792928328782
92,911,4436.5723,63.59878387034161,-0.017422095,0.007424128502004757,48.2,0.6615612050306474
93,921,4462.6426,49.766605973001525,-0.018154629,0.007661447843848279,48.31,0.5169683580279935
94,931,4429.1196,48.18654543228428,-0.017585136,0.007715492547597271,47.89,0.5405390516902187
95,941,4491.5366,52.53046352498338,-0.015567069,0.007220267049761173,48.55,0.5573148051161009
96,951,4448.5737,63.32094447619678,-0.01519721,0.00689863533839382,48.04,0.6817448202956888
97,961,4457.0703,33.95220178289459,-0.015752917,0.00743258196965647,48.34,0.3388569019512513
98,971,4493.472,32.68241545102823,-0.015638277,0.006667678077418175,48.5,0.335641408652389
99,981,4433.496,45.21305215074931,-0.014799698,0.006875049707691179,47.829998,0.48178738879534816
100,991,4461.7046,39.5572478336902,-0.01567999,0.006990150021280542,48.15,0.4426995956646005
101,1001,4473.6655,43.850312571994124,-0.015008545,0.006843455473818676,48.25,0.4943830045644379
102,1011,3893.1729,158.78089547685522,-0.015534933,0.0028210046737523575,42.62,1.6732419915844332
103,1021,4060.9812,125.40997632742929,-0.016649222,0.004035557189723452,44.52,1.368101396535301
104,1031,4166.2563,84.09706337378013,-0.012969559,0.004059217961336144,46.269997,0.9765982547605961
105,1041,4240.9443,98.21852257643874,-0.012912222,0.006258277447540766,46.75,1.080185663672389
106,1051,4357.0938,79.74732652184905,-0.012440033,0.005060072799795458,47.92,0.8069538831937298
107,1061,4395.699,80.82440220686816,-0.01180446,0.00717436611004197,48.37,0.8483996407366998
108,1071,4391.3228,84.3583212275827,-0.012333511,0.006953677976873397,48.69,0.8840144139113547
109,1081,4453.09,77.95281778338999,-0.013216817,0.007748065739103531,49.059998,0.776915416247201
110,1091,4420.4688,89.99232673130746,-0.01399768,0.0066447467654152876,49.049995,0.9003092157723612
111,1101,4475.273,88.91009720639387,-0.010470801,0.007181514110297828,49.699997,0.8669802212286043
112,1111,4433.71,93.86370754642921,-0.013155417,0.007896811526818771,49.219997,0.9153670088014745
113,1121,4488.2695,77.78487810543632,-0.018145466,0.008198302765641853,49.499996,0.7725119768670514
114,1131,4439.7036,83.45894955594395,-0.017978936,0.008197976894111158,49.289997,0.7829024444993381
115,1141,4449.9473,92.39225687780554,-0.018735329,0.008379212881840835,49.409996,0.8830176804586412
116,1151,4503.24,84.27549666819168,-0.018537663,0.00836783925072077,49.989998,0.8486310953551038
117,1161,4480.331,91.9066160676934,-0.019230884,0.008701565593139456,49.78,0.902520085982887
118,1171,4470.9844,82.79153092848071,-0.017198019,0.009046833129992327,49.649998,0.8226546736032052
119,1181,4515.7705,90.60784877059159,-0.016985193,0.007946330442110308,50.059998,0.9090208358453397
120,1191,4507.6953,108.40198710417454,-0.01692392,0.008248559766186433,50.04,1.0909254529991674
121,1201,4503.2725,84.25839525133613,-0.016791483,0.007949158067802253,49.789997,0.8425434825582825
122,1211,4487.7734,82.74938843625117,-0.015939886,0.008309987936212007,49.85,0.8126093506755653
123,1221,4501.928,107.60503849278416,-0.016717583,0.008925360928637998,50.049995,1.0733015188685053
124,1231,4478.2754,111.63039365394336,-0.01674226,0.009044681260305172,49.76,1.119166537742511
125,1241,4492.5547,105.372049143245,-0.016759844,0.008878970842341783,49.769997,1.0494453860975521
126,1251,4425.389,112.2805394368765,-0.017810626,0.009506972667864969,49.17,1.0951712194903573
127,1261,4446.17,94.89485529246359,-0.010412006,0.00834348542978852,49.399998,0.9051614927749422
128,1271,4444.805,111.11678469603793,-0.00022507047,0.007622757580417286,49.429996,1.0932760068726284
129,1281,4467.0117,95.31247272688707,-0.00089386315,0.007474088779634596,49.62,0.9143862063715537
130,1291,4452.118,104.86009743778439,-0.0009611886,0.007619404233634179,49.469997,1.0331381727540598
131,1301,4450.8027,116.61920824988313,0.00045984046,0.008060271271419742,49.53,1.1367923018742871
132,1311,4417.1206,122.98130363115202,0.0002582686,0.008016173667719883,49.089996,1.2210062289777877
133,1321,4444.9453,111.24386189731109,-0.00024698093,0.008108596015269372,49.399998,1.0914831905260662
134,1331,4444.8535,132.85462061823827,-4.840894e-05,0.007653852937274536,49.39,1.3457984722838707
135,1341,4441.711,117.96563729692818,-0.0005628553,0.006745453344047246,49.329998,1.1950118754231023
136,1351,4451.11,119.01195925073088,-0.00033097895,0.006365723366984678,49.44,1.1680648831304534
137,1361,4448.196,122.0475676054613,-0.0004676148,0.006332992185933509,49.409996,1.206160262653285
138,1371,4430.687,124.58367245975687,9.040881e-05,0.00645442050428862,49.199997,1.2384103497643086
139,1381,4462.6826,117.94534232445812,-0.0009798957,0.0060384593111191265,49.57,1.1568639204337885
140,1391,4455.8726,129.06411745267374,-0.0003746108,0.006060051420583823,49.46,1.270203133360959
141,1401,4467.8467,108.97129812656921,-0.0002555953,0.006450997268585586,49.379997,1.0926033062378315
142,1411,4469.1235,134.04388158683858,0.00027931447,0.0063237260714296235,49.649998,1.336707747865269
143,1421,4455.415,113.10362802315409,-0.0013957885,0.006061017470950727,49.499996,1.1106216421457664
144,1431,4431.4062,135.97122318175403,-0.0006870788,0.006222634812958276,49.219997,1.3656888175577035
145,1441,4436.6494,119.74781697043163,7.5990334e-05,0.0064526064577514084,49.21,1.1779721314196867
146,1451,4439.3,134.82326230552357,-0.00023689357,0.00600390496598721,48.96,1.3777271407659202
147,1461,4433.12,130.14078202799308,-0.00060462835,0.0060862164743917,49.28,1.2775507817695553
148,1471,4408.9985,116.69906422122492,-0.0007360837,0.006193295680077539,48.989998,1.1332162000268078
149,1481,4416.7397,122.54125322132774,-0.00056585914,0.006087910265406817,49.049995,1.1783113113288193
150,1491,4400.0156,114.3224797169551,-0.0004773209,0.006210923417823139,48.89,1.0793578624360685
151,1501,4434.494,126.93099311890084,-0.00064178486,0.006319818549090623,48.969997,1.2600715827295512
152,1511,3802.8945,193.61931037897634,-0.01483321,0.00816191005969489,42.239998,2.0931185571775344
153,1521,3987.7478,172.20997389480573,-0.014389817,0.008772968262756893,44.239998,1.8462999996755243
154,1531,3989.7903,157.7555115531296,-0.014979696,0.009001160607406569,44.18,1.677914543712355
155,1541,4028.102,144.04147199593044,-0.012191265,0.008091967686756815,44.579998,1.5187694740158042
156,1551,4101.3687,161.66365282542148,-0.008131261,0.0070958247378176765,45.34,1.73909713886299
157,1561,4111.283,138.15028529549124,-0.009484479,0.0067716002969831135,45.48,1.4868759195037091
158,1571,4157.2354,160.78306115005523,-0.007934875,0.0070047493709643575,45.89,1.729110754116115
159,1581,4159.2383,150.460369501519,-0.008598404,0.0069408544272782135,45.92,1.6153686885661738
160,1591,4147.3237,153.1122121814247,-0.008287721,0.006833143196787092,45.829998,1.6264264889633337
161,1601,4168.849,137.18797771551846,0.00011397098,0.007799052973539703,45.8,1.4543859075227048
162,1611,4198.889,121.33781131420503,-0.0008231659,0.007285844217625594,46.1,1.2645090671089085
163,1621,4193.5854,107.52404549882965,-0.0010891623,0.007346384023603251,46.28,1.0950177488976887
164,1631,4226.7266,108.7642409714333,0.00018439718,0.008763259913861449,46.469997,1.1345485322371358
165,1641,4213.9604,102.83216945190631,-0.00014481862,0.00854574840729799,46.359997,1.0519442008027617
166,1651,4249.606,109.6146669828743,-0.0002200093,0.0073357364086210014,46.78,1.1189028905147032
167,1661,4227.0186,87.72211900209422,0.00016041429,0.007266915443370499,46.51,0.8537074473152014
168,1671,4218.133,110.23171226403768,4.6529924e-05,0.007375885647849359,46.55,1.1289182808344282
169,1681,4227.982,104.67200930567044,-0.00036437047,0.007046026445795741,46.67,1.0604413458563382
170,1691,4274.6074,84.79358020761708,-0.0007702075,0.007199681428299991,47.12,0.8418653754618012
171,1701,4263.958,89.09029901082585,-0.0008563064,0.006988333116088825,47.0,0.8846828882723099
172,1711,4257.1187,81.71359801089186,-0.00080146047,0.0075236595732954695,46.91,0.819647751660579
173,1721,4264.0947,85.95048860475443,-0.0002063587,0.007464094207140063,47.0,0.8643943053968813
174,1731,4273.234,92.2315712600844,-0.0004933342,0.007643655897669893,47.03,0.934377530553127
175,1741,4284.8525,96.42981573010277,-0.00011684914,0.00781661126468645,47.219997,0.960430028269544
176,1751,4286.592,90.11229557382282,-0.0006577939,0.007673261694652616,47.21,0.8783743584614484
177,1761,4302.913,96.73679566174607,-0.00013373612,0.007919835173115305,47.39,0.968472097275994
178,1771,4268.1973,96.76252255850719,-0.0027408402,0.007544588352899821,46.989998,0.9931651326949414
179,1781,4288.0986,94.29358885337649,-0.0016524321,0.006554538308529808,47.079998,0.9480367478127435
180,1791,4271.2695,83.07145231037197,-0.0016836453,0.006419212539110085,47.039997,0.8060919729171361
181,1801,4289.4346,95.41149776643046,-0.0025142466,0.006349474458397091,47.12,0.964916760763042
182,1811,4284.2046,77.97806298026136,-0.0015510456,0.006131252710278877,47.129997,0.7934332375199821
183,1821,4298.4014,69.26149704788102,-0.0031065024,0.006363732263251195,47.16,0.6480434244723421
184,1831,4285.609,80.5312514196917,-0.0013578001,0.00593220423204728,47.039997,0.8174679183937678
185,1841,4292.0015,69.07342587298231,-0.0028598993,0.005805464938911741,47.1,0.6630062298369134
186,1851,4298.933,88.0028475707462,-0.0020157266,0.006234542676226741,47.289997,0.8763243116574148
187,1861,4307.974,82.15322936624221,-0.0018533546,0.005926144436258863,47.399998,0.803477796583227
188,1871,4267.882,81.60296112966488,-0.0001207717,0.005866597192559994,46.96,0.8184767319853642
189,1881,4321.37,76.60691540597091,-0.00020354296,0.0054558502661981876,47.57,0.7404701209366927
190,1891,4302.299,73.63493967533074,-0.0008189197,0.005851457412054616,47.3,0.7293275505577452
191,1901,4295.0913,69.60243354765703,4.820746e-05,0.00570378099035482,47.219997,0.6818389721932884
192,1911,4328.784,74.10838194353988,0.00020162313,0.006334554791956977,47.53,0.6980657894501345
193,1921,4335.363,91.97003086650764,-6.516504e-05,0.005972860624307541,47.649998,0.9075373724550181
194,1931,4319.1763,75.8654432084754,-0.00025918413,0.006668824056084897,47.37,0.7446604487967384
195,1941,4299.958,96.96015738414627,-0.00028124024,0.005751930069703919,47.14,0.9757872964957887
196,1951,4323.753,68.2159888781979,-9.252192e-05,0.005902065348241118,47.57,0.6426372513334695
197,1961,4281.8823,82.38634680016845,-0.0006746244,0.005495458694268852,47.05,0.8584501066465317
198,1971,4270.4824,78.118327765461,-2.0266336e-05,0.0058936108972286435,46.949997,0.7948428367931347
199,1981,4288.434,88.51311213954699,-2.0182371e-05,0.005967562382513208,47.129997,0.8717707606942554
200,1991,4320.6836,58.54424707089156,-0.00039327826,0.005531794607297026,47.54,0.487139441229551
201,2001,4326.85,85.10565973413499,-0.0006241552,0.005929627945698978,47.59,0.8075041518163492
202,2011,3479.4626,269.9959397381375,-0.014580331,0.0057928256736556934,38.059998,2.922854065464371
203,2021,3626.2803,272.4774550286788,-0.014208669,0.005886729854653425,39.659996,2.930876371327158
204,2031,3746.3252,261.1418589925055,-0.0058493135,0.00671665930421042,40.93,2.7728209462567177
205,2041,3835.4558,246.25984066342932,-0.005215512,0.006886549329792041,42.03,2.5852543160009294
206,2051,3825.7354,258.42021171399404,-0.003055647,0.007408236399206223,41.76,2.718937778472055
207,2061,3883.7888,249.76225744963625,-0.0032825128,0.007279182795245878,42.46,2.6133144844050897
208,2071,3892.7397,243.49048046984842,-0.00057691283,0.008104238691185988,42.559998,2.5421199255742453
209,2081,3891.5325,247.23357726080013,-0.00057415036,0.008316714764425548,42.589996,2.5591832284544545
210,2091,3937.75,221.54204212276815,-0.00035728014,0.008303587530828726,43.059998,2.2586102461473603
211,2101,3917.0576,251.97775457836417,-0.0011558543,0.007590255937356912,42.85,2.608417144553378
212,2111,3928.3286,235.21902073388176,-0.0006149843,0.008096358294010947,42.98,2.3991714006300096
213,2121,3951.5745,230.95947675441602,-0.0006686135,0.007521774048078661,43.219997,2.3551224163515228
214,2131,3985.0322,229.33799480983515,8.646617e-05,0.007944293681686141,43.699997,2.296237213181913
215,2141,3997.6084,242.10593744909755,-0.0002468872,0.007945514369580013,43.76,2.458986783209702
216,2151,3998.6436,228.14504535967112,-0.00011558787,0.008110518612850597,43.809998,2.2797202214309
217,2161,4000.3655,221.22167144918342,-0.0005384917,0.008050876590756088,43.77,2.1906224857791985
218,2171,4025.6387,228.1940099516322,-0.00079999433,0.0074365097112412066,44.02,2.279192265694283
219,2181,4060.3962,212.34803955464818,-0.00027575102,0.007511420199357375,44.52,2.10744015336142
220,2191,4030.641,217.31343501647942,-0.00028533197,0.007540310199010393,44.23,2.1542390463457486
221,2201,4069.9607,213.30305840297171,-0.0006338237,0.007826645393865834,44.67,2.092577644915629
222,2211,4042.0117,228.1456456433511,0.00024338515,0.007978315033655203,44.38,2.2670983382290566
223,2221,4042.8938,217.7208156274121,-0.0008920884,0.0074187077911593135,44.43,2.1417100363963
224,2231,4078.5757,199.47269436022182,-0.0010011608,0.007773199404539385,44.8,1.9430223879307218
225,2241,4079.0903,193.74294917698145,-0.0043025156,0.006927779099848848,44.87,1.867271443363455
226,2251,4092.6907,209.87506277662828,-0.0055294926,0.006681775438664102,44.99,2.059636861196654
227,2261,4111.2256,198.79861476279953,-0.0047441823,0.006809875294808684,45.28,1.9138283082871992
228,2271,4143.5405,199.1249172715197,-0.0054277736,0.006921705837652647,45.61,1.9295594326172396
229,2281,4134.3135,206.10765770684597,-0.0038238866,0.006628704982233828,45.489998,2.000223786880221
230,2291,4134.3804,213.9021825866058,-0.004632325,0.007086636390865145,45.59,2.0785274681854538
231,2301,4101.72,214.19470858569227,-0.0038622888,0.00670868209820541,45.18,2.0727239362736167
232,2311,4185.7646,209.49544610247347,-0.005044778,0.0071584729890932855,46.129997,2.0508679136409937
233,2321,4198.054,199.21462682132153,-0.0034488281,0.006509011924442605,46.26,1.9354644775871246
234,2331,4198.5933,193.5586182852832,-0.014620943,0.0072366039865678355,46.28,1.8724457435133972
235,2341,4201.5327,189.35394446063594,-0.012928909,0.006855279127863156,46.359997,1.8306457634401683
236,2351,4176.6816,188.29864353150916,-0.013750337,0.006433443751513763,46.059998,1.7932049863862864
237,2361,4185.8467,186.87283787520758,-0.01458608,0.005814884235367046,46.12,1.774042485624694
238,2371,4182.5127,179.7100529647199,-0.014037928,0.005526310740071237,46.14,1.664829120360404
239,2381,4208.911,169.99008478233077,-0.012307152,0.005657903773050895,46.44,1.5861228915820618
240,2391,4217.8823,173.40721046065636,-0.014471809,0.005455069355773654,46.57,1.6162351314087937
241,2401,4178.63,182.26854642403455,-0.013935819,0.005017262175485803,46.17,1.6942656226223805
242,2411,4229.0356,190.19388679756239,-0.013396921,0.005567475876770307,46.699997,1.8226463222472526
243,2421,4217.5576,186.6497737996978,-0.013546983,0.005249745202322616,46.64,1.7776110622972185
244,2431,4225.454,181.86904112719796,-0.014430889,0.005822144112410962,46.699997,1.6767163349837082
245,2441,4245.3877,193.50890417776026,-0.012816839,0.005342249783735897,47.0,1.8321739482924215
246,2451,4237.4683,158.5072532393317,-0.013442289,0.005397092967683952,46.899998,1.4773535013670918
247,2461,4249.345,166.3308180516719,-0.0137169035,0.005070435083568203,47.07,1.525075735824291
248,2471,4256.0493,173.37998627488702,-0.013547983,0.005580110111044084,47.12,1.6085347369578311
249,2481,4243.8535,163.22405715279353,-0.014396394,0.005705176689221966,47.059998,1.509773387499144
250,2491,4238.7515,166.60304370803794,-0.014520672,0.005287543945490715,47.0,1.540900651437542
251,2501,4233.584,186.60285916763866,-0.013593601,0.00541683755136615,46.87,1.7499714283381895
252,2511,3642.175,261.1032744402766,-0.013625271,0.006111085044654235,40.01,2.7079029715265213
253,2521,3898.8926,262.6613454165923,-0.012806576,0.00549673231497488,42.729996,2.750366522484274
254,2531,3940.3892,264.7817269738408,-0.013347214,0.005512655979668061,43.149998,2.8093952334270393
255,2541,4031.2026,261.64534263794104,-0.013074702,0.005985188304645285,44.11,2.7402521416836083
256,2551,4039.6382,245.2880048961742,-0.013869944,0.0059977899041009225,44.19,2.5776917215215938
257,2561,4080.704,253.56540262673371,-0.013660515,0.005323223375944277,44.62,2.672609211987415
258,2571,4112.9883,233.42603984036052,-0.012855763,0.005124494325383717,44.94,2.418285342965136
259,2581,4176.392,236.9222049378489,-0.013697895,0.004767995882435799,45.68,2.4798338654030845
260,2591,4195.209,228.3876466705326,-0.0136790015,0.006701383570745284,45.92,2.3805488414232223
261,2601,4217.3613,226.85108473679722,-0.013416471,0.0058487562766761725,46.12,2.344464791803229
262,2611,4191.9087,221.02364611646948,-0.013010249,0.0062518645837744535,45.92,2.2734777639559534
263,2621,4251.6797,217.06187090856287,-0.012995758,0.005376395285930853,46.51,2.212052865191933
264,2631,4284.364,203.95248682572728,-0.013450117,0.005513802482315898,46.879997,2.046427268974355
265,2641,4286.416,205.88109796967382,-0.013476367,0.005062319991715,46.879997,2.084106043175864
266,2651,4292.824,198.25355675906934,-0.014107268,0.005213274098353458,47.03,1.9717797463212143
267,2661,4258.699,198.56795696375596,-0.014233342,0.005541574998375852,46.89,1.9650987219991165
268,2671,4312.1035,202.27862867502733,-0.013640078,0.006572054591716229,47.2,2.0211515755139597
269,2681,4310.926,199.99925408046502,-0.0135704465,0.006813070504825532,47.5,1.990045074866939
270,2691,4316.9346,199.03574366467936,-0.014582813,0.006690811845538231,47.35,1.976594060499382
271,2701,4309.5537,177.5719324047423,-0.013634312,0.006358752546323612,47.48,1.7375105103573205
272,2711,4340.738,187.84808835011984,-0.01328014,0.006483531760296329,47.579998,1.8080403614975424
273,2721,4384.3174,173.75604325095117,-0.013921107,0.006970387514393494,48.0,1.6640973471534186
274,2731,4368.9575,168.08730928266286,-0.014389713,0.00713949528685761,47.88,1.578884867240979
275,2741,4351.0596,162.27428298256515,-0.014837158,0.006566553266251619,47.67,1.5325867732701342
276,2751,4374.5054,183.87317378114736,-0.014003964,0.006776306306314964,47.95,1.7434409966501987
277,2761,4389.0767,169.00817869138285,-0.013834922,0.006472393415995997,48.02,1.569343146670428
278,2771,4423.8076,178.60052248678784,-0.013925608,0.006810215541669223,48.36,1.673714432034329
279,2781,4420.332,164.54160163606048,-0.01476188,0.006685645843865118,48.3,1.5050891681231384
280,2791,4407.5933,155.07895443856196,-0.013181049,0.006774476536018762,48.23,1.428322143495983
281,2801,4432.475,142.22548291888614,-0.013639795,0.0072081743379323465,48.489998,1.280084960618568
282,2811,4417.782,173.00660834257636,-0.014858706,0.006704461890473001,48.31,1.6135987327717383
283,2821,4395.8833,161.31047330668392,-0.01428451,0.006623008372277507,48.39,1.4935914806937536
284,2831,4434.0444,175.39923559040957,-0.014475539,0.006230217649632377,48.51,1.6348331266525782
285,2841,4439.6777,174.09177701610844,-0.014033932,0.006725739876789332,48.579998,1.637749419661311
286,2851,4439.4297,155.73364663256285,-0.013930699,0.00615799518500801,48.52,1.4272497146620986
287,2861,4466.6543,168.22402556111888,-0.012970488,0.0062238580759901236,48.87,1.557750403113722
288,2871,4471.626,133.3294993406878,-0.014215083,0.00656846362199934,48.929996,1.1842738402921171
289,2881,4453.447,141.45355438380494,-0.01472432,0.00641241346297937,48.78,1.2560743783715356
290,2891,4421.187,147.5040350674436,-0.014419772,0.006523698461919172,48.839996,1.3434371062327248
291,2901,4425.7046,134.77702663545608,-0.014309002,0.006394851016083349,48.62,1.1855913123844997
292,2911,4496.5366,140.08358249374422,-0.0143634435,0.006644237483450888,49.179996,1.240763944029064
293,2921,4456.484,137.05011493458875,-0.013639006,0.006375428724885274,48.909996,1.2296606829535701
294,2931,4450.5073,124.08136548575516,-0.014190831,0.006141086995594474,48.839996,1.0700550838168292
295,2941,4447.7744,136.5322232491421,-0.012924138,0.0060959352916483845,48.96,1.2190598420104555
296,2951,4455.575,126.81361613742264,-0.014023624,0.0069467339519620796,48.739998,1.0796951014066887
297,2961,4473.587,128.99741019409635,-0.014988929,0.006661579881874729,49.44,1.1333779916703872
298,2971,4457.3584,127.25124223295579,-0.014245325,0.006961926012555939,48.76,1.096258667287315
299,2981,4494.027,129.64928856341632,-0.014195449,0.006508878350708819,49.179996,1.1140256133515805
300,2991,4472.357,112.1255692249972,-0.0134574,0.0060044193286535145,48.94,0.8989629474024821
